symbol_index,file_offset_hex,code_dec,code_bin,bit_length
0,0x0594bc,0,00,2
1,0x0594c4,7,0111,4
2,0x0594cc,9,1001,4
3,0x0594d4,15,1111,4
4,0x0594dc,10,01010,5
5,0x0594e4,17,10001,5
6,0x0594ec,26,11010,5
7,0x0594f4,28,11100,5
8,0x0594fc,17,010001,6
9,0x059504,49,110001,6
10,0x05950c,37,0100101,7
11,0x059514,45,0101101,7
12,0x05951c,47,0101111,7
13,0x059524,111,1101111,7
14,0x05952c,117,1110101,7
15,0x059534,65,01000001,8
16,0x05953c,76,01001100,8
17,0x059544,78,01001110,8
18,0x05954c,92,01011100,8
19,0x059554,96,01100000,8
20,0x05955c,98,01100010,8
21,0x059564,102,01100110,8
22,0x05956c,104,01101000,8
23,0x059574,105,01101001,8
24,0x05957c,107,01101011,8
25,0x059584,166,10100110,8
26,0x05958c,193,11000001,8
27,0x059594,203,11001011,8
28,0x05959c,204,11001100,8
29,0x0595a4,206,11001110,8
30,0x0595ac,218,11011010,8
31,0x0595b4,232,11101000,8
32,0x0595bc,238,11101110,8
33,0x0595c4,135,010000111,9
34,0x0595cc,144,010010000,9
35,0x0595d4,158,010011110,9
36,0x0595dc,159,010011111,9
37,0x0595e4,186,010111010,9
38,0x0595ec,202,011001010,9
39,0x0595f4,216,011011000,9
40,0x0595fc,219,011011011,9
41,0x059604,223,011011111,9
42,0x05960c,260,100000100,9
43,0x059614,265,100001001,9
44,0x05961c,268,100001100,9
45,0x059624,323,101000011,9
46,0x05962c,325,101000101,9
47,0x059634,330,101001010,9
48,0x05963c,342,101010110,9
49,0x059644,348,101011100,9
50,0x05964c,435,110110011,9
51,0x059654,467,111010011,9
52,0x05965c,474,111011010,9
53,0x059664,259,0100000011,10
54,0x05966c,265,0100001001,10
55,0x059674,267,0100001011,10
56,0x05967c,290,0100100010,10
57,0x059684,295,0100100111,10
58,0x05968c,308,0100110100,10
59,0x059694,353,0101100001,10
60,0x05969c,356,0101100100,10
61,0x0596a4,374,0101110110,10
62,0x0596ac,388,0110000100,10
63,0x0596b4,397,0110001101,10
64,0x0596bc,398,0110001110,10
65,0x0596c4,399,0110001111,10
66,0x0596cc,400,0110010000,10
67,0x0596d4,403,0110010011,10
68,0x0596dc,406,0110010110,10
69,0x0596e4,413,0110011101,10
70,0x0596ec,414,0110011110,10
71,0x0596f4,415,0110011111,10
72,0x0596fc,425,0110101001,10
73,0x059704,434,0110110010,10
74,0x05970c,436,0110110100,10
75,0x059714,442,0110111010,10
76,0x05971c,443,0110111011,10
77,0x059724,444,0110111100,10
78,0x05972c,513,1000000001,10
79,0x059734,514,1000000010,10
80,0x05973c,517,1000000101,10
81,0x059744,519,1000000111,10
82,0x05974c,525,1000001101,10
83,0x059754,528,1000010000,10
84,0x05975c,529,1000010001,10
85,0x059764,533,1000010101,10
86,0x05976c,539,1000011011,10
87,0x059774,543,1000011111,10
88,0x05977c,641,1010000001,10
89,0x059784,645,1010000101,10
90,0x05978c,656,1010010000,10
91,0x059794,668,1010011100,10
92,0x05979c,669,1010011101,10
93,0x0597a4,674,1010100010,10
94,0x0597ac,679,1010100111,10
95,0x0597b4,680,1010101000,10
96,0x0597bc,682,1010101010,10
97,0x0597c4,688,1010110000,10
98,0x0597cc,689,1010110001,10
99,0x0597d4,692,1010110100,10
100,0x0597dc,700,1010111100,10
101,0x0597e4,703,1010111111,10
102,0x0597ec,800,1100100000,10
103,0x0597f4,806,1100100110,10
104,0x0597fc,807,1100100111,10
105,0x059804,809,1100101001,10
106,0x05980c,810,1100101010,10
107,0x059814,822,1100110110,10
108,0x05981c,864,1101100000,10
109,0x059824,866,1101100010,10
110,0x05982c,867,1101100011,10
111,0x059834,882,1101110010,10
112,0x05983c,946,1110110010,10
113,0x059844,956,1110111100,10
114,0x05984c,957,1110111101,10
115,0x059854,515,01000000011,11
116,0x05985c,517,01000000101,11
117,0x059864,538,01000011010,11
118,0x05986c,585,01001001001,11
119,0x059874,586,01001001010,11
120,0x05987c,588,01001001100,11
121,0x059884,711,01011000111,11
122,0x05988c,714,01011001010,11
123,0x059894,718,01011001110,11
124,0x05989c,751,01011101111,11
125,0x0598a4,781,01100001101,11
126,0x0598ac,802,01100100010,11
127,0x0598b4,805,01100100101,11
128,0x0598bc,824,01100111000,11
129,0x0598c4,883,01101110011,11
130,0x0598cc,890,01101111010,11
131,0x0598d4,1033,10000001001,11
132,0x0598dc,1045,10000010101,11
133,0x0598e4,1046,10000010110,11
134,0x0598ec,1048,10000011000,11
135,0x0598f4,1064,10000101000,11
136,0x0598fc,1069,10000101101,11
137,0x059904,1071,10000101111,11
138,0x05990c,1076,10000110100,11
139,0x059914,1288,10100001000,11
140,0x05991c,1289,10100001001,11
141,0x059924,1296,10100010000,11
142,0x05992c,1297,10100010001,11
143,0x059934,1308,10100011100,11
144,0x05993c,1310,10100011110,11
145,0x059944,1316,10100100100,11
146,0x05994c,1345,10101000001,11
147,0x059954,1347,10101000011,11
148,0x05995c,1350,10101000110,11
149,0x059964,1351,10101000111,11
150,0x05996c,1357,10101001101,11
151,0x059974,1367,10101010111,11
152,0x05997c,1375,10101011111,11
153,0x059984,1386,10101101010,11
154,0x05998c,1388,10101101100,11
155,0x059994,1389,10101101101,11
156,0x05999c,1391,10101101111,11
157,0x0599a4,1398,10101110110,11
158,0x0599ac,1399,10101110111,11
159,0x0599b4,1402,10101111010,11
160,0x0599bc,1403,10101111011,11
161,0x0599c4,1404,10101111100,11
162,0x0599cc,1405,10101111101,11
163,0x0599d4,1536,11000000000,11
164,0x0599dc,1537,11000000001,11
165,0x0599e4,1539,11000000011,11
166,0x0599ec,1556,11000010100,11
167,0x0599f4,1558,11000010110,11
168,0x0599fc,1559,11000010111,11
169,0x059a04,1564,11000011100,11
170,0x059a0c,1567,11000011111,11
171,0x059a14,1602,11001000010,11
172,0x059a1c,1608,11001001000,11
173,0x059a24,1609,11001001001,11
174,0x059a2c,1610,11001001010,11
175,0x059a34,1611,11001001011,11
176,0x059a3c,1623,11001010111,11
177,0x059a44,1640,11001101000,11
178,0x059a4c,1641,11001101001,11
179,0x059a54,1643,11001101011,11
180,0x059a5c,1646,11001101110,11
181,0x059a64,1663,11001111111,11
182,0x059a6c,1730,11011000010,11
183,0x059a74,1736,11011001000,11
184,0x059a7c,1739,11011001011,11
185,0x059a84,1758,11011011110,11
186,0x059a8c,1759,11011011111,11
187,0x059a94,1762,11011100010,11
188,0x059a9c,1763,11011100011,11
189,0x059aa4,1775,11011101111,11
190,0x059aac,1864,11101001000,11
191,0x059ab4,1867,11101001011,11
192,0x059abc,1902,11101101110,11
193,0x059ac4,1903,11101101111,11
194,0x059acc,1916,11101111100,11
195,0x059ad4,1033,010000001001,12
196,0x059adc,1059,010000100011,12
197,0x059ae4,1064,010000101000,12
198,0x059aec,1065,010000101001,12
199,0x059af4,1066,010000101010,12
200,0x059afc,1067,010000101011,12
201,0x059b04,1074,010000110010,12
202,0x059b0c,1075,010000110011,12
203,0x059b14,1174,010010010110,12
204,0x059b1c,1178,010010011010,12
205,0x059b24,1237,010011010101,12
206,0x059b2c,1243,010011011011,12
207,0x059b34,1409,010110000001,12
208,0x059b3c,1410,010110000010,12
209,0x059b44,1419,010110001011,12
210,0x059b4c,1420,010110001100,12
211,0x059b54,1421,010110001101,12
212,0x059b5c,1432,010110011000,12
213,0x059b64,1433,010110011001,12
214,0x059b6c,1434,010110011010,12
215,0x059b74,1438,010110011110,12
216,0x059b7c,1501,010111011101,12
217,0x059b84,1561,011000011001,12
218,0x059b8c,1586,011000110010,12
219,0x059b94,1587,011000110011,12
220,0x059b9c,1608,011001001000,12
221,0x059ba4,1650,011001110010,12
222,0x059bac,1697,011010100001,12
223,0x059bb4,1698,011010100010,12
224,0x059bbc,1699,011010100011,12
225,0x059bc4,1711,011010101111,12
226,0x059bcc,1762,011011100010,12
227,0x059bd4,1763,011011100011,12
228,0x059bdc,1764,011011100100,12
229,0x059be4,2048,100000000000,12
230,0x059bec,2049,100000000001,12
231,0x059bf4,2050,100000000010,12
232,0x059bfc,2051,100000000011,12
233,0x059c04,2074,100000011010,12
234,0x059c0c,2075,100000011011,12
235,0x059c14,2089,100000101001,12
236,0x059c1c,2095,100000101111,12
237,0x059c24,2098,100000110010,12
238,0x059c2c,2110,100000111110,12
239,0x059c34,2111,100000111111,12
240,0x059c3c,2130,100001010010,12
241,0x059c44,2131,100001010011,12
242,0x059c4c,2136,100001011000,12
243,0x059c54,2155,100001101011,12
244,0x059c5c,2167,100001110111,12
245,0x059c64,2168,100001111000,12
246,0x059c6c,2169,100001111001,12
247,0x059c74,2170,100001111010,12
248,0x059c7c,2171,100001111011,12
249,0x059c84,2560,101000000000,12
250,0x059c8c,2561,101000000001,12
251,0x059c94,2573,101000001101,12
252,0x059c9c,2574,101000001110,12
253,0x059ca4,2575,101000001111,12
254,0x059cac,2596,101000100100,12
255,0x059cb4,2615,101000110111,12
256,0x059cbc,2618,101000111010,12
257,0x059cc4,2619,101000111011,12
258,0x059ccc,2622,101000111110,12
259,0x059cd4,2630,101001000110,12
260,0x059cdc,2631,101001000111,12
261,0x059ce4,2634,101001001010,12
262,0x059cec,2635,101001001011,12
263,0x059cf4,2655,101001011111,12
264,0x059cfc,2681,101001111001,12
265,0x059d04,2682,101001111010,12
266,0x059d0c,2683,101001111011,12
267,0x059d14,2688,101010000000,12
268,0x059d1c,2689,101010000001,12
269,0x059d24,2692,101010000100,12
270,0x059d2c,2693,101010000101,12
271,0x059d34,2713,101010011001,12
272,0x059d3c,2725,101010100101,12
273,0x059d44,2726,101010100110,12
274,0x059d4c,2744,101010111000,12
275,0x059d54,2746,101010111010,12
276,0x059d5c,2747,101010111011,12
277,0x059d64,2748,101010111100,12
278,0x059d6c,2749,101010111101,12
279,0x059d74,2760,101011001000,12
280,0x059d7c,2766,101011001110,12
281,0x059d84,2767,101011001111,12
282,0x059d8c,2775,101011010111,12
283,0x059d94,2780,101011011100,12
284,0x059d9c,2795,101011101011,12
285,0x059da4,3076,110000000100,12
286,0x059dac,3109,110000100101,12
287,0x059db4,3110,110000100110,12
288,0x059dbc,3111,110000100111,12
289,0x059dc4,3114,110000101010,12
290,0x059dcc,3115,110000101011,12
291,0x059dd4,3130,110000111010,12
292,0x059ddc,3131,110000111011,12
293,0x059de4,3132,110000111100,12
294,0x059dec,3133,110000111101,12
295,0x059df4,3232,110010100000,12
296,0x059dfc,3245,110010101101,12
297,0x059e04,3284,110011010100,12
298,0x059e0c,3285,110011010101,12
299,0x059e14,3324,110011111100,12
300,0x059e1c,3325,110011111101,12
301,0x059e24,3462,110110000110,12
302,0x059e2c,3474,110110010010,12
303,0x059e34,3475,110110010011,12
304,0x059e3c,3476,110110010100,12
305,0x059e44,3477,110110010101,12
306,0x059e4c,3504,110110110000,12
307,0x059e54,3512,110110111000,12
308,0x059e5c,3513,110110111001,12
309,0x059e64,3514,110110111010,12
310,0x059e6c,3515,110110111011,12
311,0x059e74,3520,110111000000,12
312,0x059e7c,3522,110111000010,12
313,0x059e84,3523,110111000011,12
314,0x059e8c,3546,110111011010,12
315,0x059e94,3547,110111011011,12
316,0x059e9c,3548,110111011100,12
317,0x059ea4,3549,110111011101,12
318,0x059eac,3730,111010010010,12
319,0x059eb4,3731,111010010011,12
320,0x059ebc,3732,111010010100,12
321,0x059ec4,3733,111010010101,12
322,0x059ecc,3783,111011000111,12
323,0x059ed4,3788,111011001100,12
324,0x059edc,3790,111011001110,12
325,0x059ee4,3791,111011001111,12
326,0x059eec,3800,111011011000,12
327,0x059ef4,3801,111011011001,12
328,0x059efc,3802,111011011010,12
329,0x059f04,3803,111011011011,12
330,0x059f0c,2056,0100000001000,13
331,0x059f14,2057,0100000001001,13
332,0x059f1c,2058,0100000001010,13
333,0x059f24,2064,0100000010000,13
334,0x059f2c,2065,0100000010001,13
335,0x059f34,2116,0100001000100,13
336,0x059f3c,2117,0100001000101,13
337,0x059f44,2145,0100001100001,13
338,0x059f4c,2146,0100001100010,13
339,0x059f54,2147,0100001100011,13
340,0x059f5c,2156,0100001101100,13
341,0x059f64,2338,0100100100010,13
342,0x059f6c,2339,0100100100011,13
343,0x059f74,2350,0100100101110,13
344,0x059f7c,2351,0100100101111,13
345,0x059f84,2358,0100100110110,13
346,0x059f8c,2359,0100100110111,13
347,0x059f94,2481,0100110110001,13
348,0x059f9c,2482,0100110110010,13
349,0x059fa4,2483,0100110110011,13
350,0x059fac,2484,0100110110100,13
351,0x059fb4,2485,0100110110101,13
352,0x059fbc,2488,0100110111000,13
353,0x059fc4,2489,0100110111001,13
354,0x059fcc,2490,0100110111010,13
355,0x059fd4,2491,0100110111011,13
356,0x059fdc,2492,0100110111100,13
357,0x059fe4,2493,0100110111101,13
358,0x059fec,2494,0100110111110,13
359,0x059ff4,2495,0100110111111,13
360,0x059ffc,2816,0101100000000,13
361,0x05a004,2837,0101100010101,13
362,0x05a00c,2860,0101100101100,13
363,0x05a014,2861,0101100101101,13
364,0x05a01c,2862,0101100101110,13
365,0x05a024,2863,0101100101111,13
366,0x05a02c,2870,0101100110110,13
367,0x05a034,3001,0101110111001,13
368,0x05a03c,3112,0110000101000,13
369,0x05a044,3114,0110000101010,13
370,0x05a04c,3115,0110000101011,13
371,0x05a054,3116,0110000101100,13
372,0x05a05c,3117,0110000101101,13
373,0x05a064,3118,0110000101110,13
374,0x05a06c,3119,0110000101111,13
375,0x05a074,3120,0110000110000,13
376,0x05a07c,3121,0110000110001,13
377,0x05a084,3128,0110000111000,13
378,0x05a08c,3168,0110001100000,13
379,0x05a094,3169,0110001100001,13
380,0x05a09c,3170,0110001100010,13
381,0x05a0a4,3171,0110001100011,13
382,0x05a0ac,3213,0110010001101,13
383,0x05a0b4,3214,0110010001110,13
384,0x05a0bc,3215,0110010001111,13
385,0x05a0c4,3218,0110010010010,13
386,0x05a0cc,3262,0110010111110,13
387,0x05a0d4,3263,0110010111111,13
388,0x05a0dc,3302,0110011100110,13
389,0x05a0e4,3303,0110011100111,13
390,0x05a0ec,3392,0110101000000,13
391,0x05a0f4,3393,0110101000001,13
392,0x05a0fc,3415,0110101010111,13
393,0x05a104,3416,0110101011000,13
394,0x05a10c,3417,0110101011001,13
395,0x05a114,3418,0110101011010,13
396,0x05a11c,3419,0110101011011,13
397,0x05a124,3420,0110101011100,13
398,0x05a12c,3421,0110101011101,13
399,0x05a134,3480,0110110011000,13
400,0x05a13c,3481,0110110011001,13
401,0x05a144,3482,0110110011010,13
402,0x05a14c,3483,0110110011011,13
403,0x05a154,3484,0110110011100,13
404,0x05a15c,3485,0110110011101,13
405,0x05a164,3501,0110110101101,13
406,0x05a16c,3502,0110110101110,13
407,0x05a174,3503,0110110101111,13
408,0x05a17c,3520,0110111000000,13
409,0x05a184,3521,0110111000001,13
410,0x05a18c,3522,0110111000010,13
411,0x05a194,3523,0110111000011,13
412,0x05a19c,3530,0110111001010,13
413,0x05a1a4,3531,0110111001011,13
414,0x05a1ac,3564,0110111101100,13
415,0x05a1b4,3565,0110111101101,13
416,0x05a1bc,3566,0110111101110,13
417,0x05a1c4,3567,0110111101111,13
418,0x05a1cc,4120,1000000011000,13
419,0x05a1d4,4130,1000000100010,13
420,0x05a1dc,4131,1000000100011,13
421,0x05a1e4,4144,1000000110000,13
422,0x05a1ec,4145,1000000110001,13
423,0x05a1f4,4146,1000000110010,13
424,0x05a1fc,4147,1000000110011,13
425,0x05a204,4176,1000001010000,13
426,0x05a20c,4177,1000001010001,13
427,0x05a214,4188,1000001011100,13
428,0x05a21c,4212,1000001110100,13
429,0x05a224,4213,1000001110101,13
430,0x05a22c,4214,1000001110110,13
431,0x05a234,4215,1000001110111,13
432,0x05a23c,4216,1000001111000,13
433,0x05a244,4217,1000001111001,13
434,0x05a24c,4218,1000001111010,13
435,0x05a254,4219,1000001111011,13
436,0x05a25c,4274,1000010110010,13
437,0x05a264,4275,1000010110011,13
438,0x05a26c,4280,1000010111000,13
439,0x05a274,4281,1000010111001,13
440,0x05a27c,4282,1000010111010,13
441,0x05a284,4283,1000010111011,13
442,0x05a28c,4308,1000011010100,13
443,0x05a294,4330,1000011101010,13
444,0x05a29c,4331,1000011101011,13
445,0x05a2a4,4332,1000011101100,13
446,0x05a2ac,4333,1000011101101,13
447,0x05a2b4,5124,1010000000100,13
448,0x05a2bc,5125,1010000000101,13
449,0x05a2c4,5126,1010000000110,13
450,0x05a2cc,5127,1010000000111,13
451,0x05a2d4,5136,1010000010000,13
452,0x05a2dc,5137,1010000010001,13
453,0x05a2e4,5138,1010000010010,13
454,0x05a2ec,5139,1010000010011,13
455,0x05a2f4,5140,1010000010100,13
456,0x05a2fc,5141,1010000010101,13
457,0x05a304,5142,1010000010110,13
458,0x05a30c,5143,1010000010111,13
459,0x05a314,5144,1010000011000,13
460,0x05a31c,5145,1010000011001,13
461,0x05a324,5222,1010001100110,13
462,0x05a32c,5223,1010001100111,13
463,0x05a334,5224,1010001101000,13
464,0x05a33c,5225,1010001101001,13
465,0x05a344,5226,1010001101010,13
466,0x05a34c,5227,1010001101011,13
467,0x05a354,5228,1010001101100,13
468,0x05a35c,5229,1010001101101,13
469,0x05a364,5246,1010001111110,13
470,0x05a36c,5247,1010001111111,13
471,0x05a374,5256,1010010001000,13
472,0x05a37c,5257,1010010001001,13
473,0x05a384,5258,1010010001010,13
474,0x05a38c,5259,1010010001011,13
475,0x05a394,5302,1010010110110,13
476,0x05a39c,5303,1010010110111,13
477,0x05a3a4,5304,1010010111000,13
478,0x05a3ac,5305,1010010111001,13
479,0x05a3b4,5306,1010010111010,13
480,0x05a3bc,5307,1010010111011,13
481,0x05a3c4,5308,1010010111100,13
482,0x05a3cc,5309,1010010111101,13
483,0x05a3d4,5360,1010011110000,13
484,0x05a3dc,5361,1010011110001,13
485,0x05a3e4,5368,1010011111000,13
486,0x05a3ec,5369,1010011111001,13
487,0x05a3f4,5370,1010011111010,13
488,0x05a3fc,5371,1010011111011,13
489,0x05a404,5372,1010011111100,13
490,0x05a40c,5373,1010011111101,13
491,0x05a414,5374,1010011111110,13
492,0x05a41c,5375,1010011111111,13
493,0x05a424,5418,1010100101010,13
494,0x05a42c,5419,1010100101011,13
495,0x05a434,5420,1010100101100,13
496,0x05a43c,5421,1010100101101,13
497,0x05a444,5422,1010100101110,13
498,0x05a44c,5423,1010100101111,13
499,0x05a454,5424,1010100110000,13
500,0x05a45c,5425,1010100110001,13
501,0x05a464,5448,1010101001000,13
502,0x05a46c,5449,1010101001001,13
503,0x05a474,5454,1010101001110,13
504,0x05a47c,5455,1010101001111,13
505,0x05a484,5464,1010101011000,13
506,0x05a48c,5465,1010101011001,13
507,0x05a494,5466,1010101011010,13
508,0x05a49c,5467,1010101011011,13
509,0x05a4a4,5490,1010101110010,13
510,0x05a4ac,5530,1010110011010,13
511,0x05a4b4,5531,1010110011011,13
512,0x05a4bc,5548,1010110101100,13
513,0x05a4c4,5562,1010110111010,13
514,0x05a4cc,5563,1010110111011,13
515,0x05a4d4,5584,1010111010000,13
516,0x05a4dc,5585,1010111010001,13
517,0x05a4e4,5586,1010111010010,13
518,0x05a4ec,5587,1010111010011,13
519,0x05a4f4,5588,1010111010100,13
520,0x05a4fc,5589,1010111010101,13
521,0x05a504,6173,1100000011101,13
522,0x05a50c,6174,1100000011110,13
523,0x05a514,6175,1100000011111,13
524,0x05a51c,6208,1100001000000,13
525,0x05a524,6209,1100001000001,13
526,0x05a52c,6210,1100001000010,13
527,0x05a534,6211,1100001000011,13
528,0x05a53c,6212,1100001000100,13
529,0x05a544,6213,1100001000101,13
530,0x05a54c,6214,1100001000110,13
531,0x05a554,6215,1100001000111,13
532,0x05a55c,6216,1100001001000,13
533,0x05a564,6217,1100001001001,13
534,0x05a56c,6241,1100001100001,13
535,0x05a574,6242,1100001100010,13
536,0x05a57c,6243,1100001100011,13
537,0x05a584,6244,1100001100100,13
538,0x05a58c,6245,1100001100101,13
539,0x05a594,6246,1100001100110,13
540,0x05a59c,6247,1100001100111,13
541,0x05a5a4,6248,1100001101000,13
542,0x05a5ac,6249,1100001101001,13
543,0x05a5b4,6250,1100001101010,13
544,0x05a5bc,6251,1100001101011,13
545,0x05a5c4,6252,1100001101100,13
546,0x05a5cc,6253,1100001101101,13
547,0x05a5d4,6254,1100001101110,13
548,0x05a5dc,6427,1100100011011,13
549,0x05a5e4,6428,1100100011100,13
550,0x05a5ec,6429,1100100011101,13
551,0x05a5f4,6430,1100100011110,13
552,0x05a5fc,6431,1100100011111,13
553,0x05a604,6466,1100101000010,13
554,0x05a60c,6467,1100101000011,13
555,0x05a614,6468,1100101000100,13
556,0x05a61c,6469,1100101000101,13
557,0x05a624,6470,1100101000110,13
558,0x05a62c,6471,1100101000111,13
559,0x05a634,6488,1100101011000,13
560,0x05a63c,6489,1100101011001,13
561,0x05a644,6637,1100111101101,13
562,0x05a64c,6638,1100111101110,13
563,0x05a654,6639,1100111101111,13
564,0x05a65c,6640,1100111110000,13
565,0x05a664,6641,1100111110001,13
566,0x05a66c,6642,1100111110010,13
567,0x05a674,6643,1100111110011,13
568,0x05a67c,6644,1100111110100,13
569,0x05a684,6645,1100111110101,13
570,0x05a68c,6646,1100111110110,13
571,0x05a694,6647,1100111110111,13
572,0x05a69c,6926,1101100001110,13
573,0x05a6a4,6927,1101100001111,13
574,0x05a6ac,7010,1101101100010,13
575,0x05a6b4,7011,1101101100011,13
576,0x05a6bc,7012,1101101100100,13
577,0x05a6c4,7013,1101101100101,13
578,0x05a6cc,7014,1101101100110,13
579,0x05a6d4,7015,1101101100111,13
580,0x05a6dc,7016,1101101101000,13
581,0x05a6e4,7017,1101101101001,13
582,0x05a6ec,7018,1101101101010,13
583,0x05a6f4,7019,1101101101011,13
584,0x05a6fc,7020,1101101101100,13
585,0x05a704,7021,1101101101101,13
586,0x05a70c,7022,1101101101110,13
587,0x05a714,7023,1101101101111,13
588,0x05a71c,7042,1101110000010,13
589,0x05a724,7080,1101110101000,13
590,0x05a72c,7081,1101110101001,13
591,0x05a734,7082,1101110101010,13
592,0x05a73c,7083,1101110101011,13
593,0x05a744,7084,1101110101100,13
594,0x05a74c,7085,1101110101101,13
595,0x05a754,7086,1101110101110,13
596,0x05a75c,7087,1101110101111,13
597,0x05a764,7088,1101110110000,13
598,0x05a76c,7089,1101110110001,13
599,0x05a774,7090,1101110110010,13
600,0x05a77c,7091,1101110110011,13
601,0x05a784,7552,1110110000000,13
602,0x05a78c,7553,1110110000001,13
603,0x05a794,7554,1110110000010,13
604,0x05a79c,7555,1110110000011,13
605,0x05a7a4,7556,1110110000100,13
606,0x05a7ac,7557,1110110000101,13
607,0x05a7b4,7558,1110110000110,13
608,0x05a7bc,7559,1110110000111,13
609,0x05a7c4,7560,1110110001000,13
610,0x05a7cc,7561,1110110001001,13
611,0x05a7d4,7562,1110110001010,13
612,0x05a7dc,7563,1110110001011,13
613,0x05a7e4,7564,1110110001100,13
614,0x05a7ec,7565,1110110001101,13
615,0x05a7f4,4103,01000000000111,14
616,0x05a7fc,4104,01000000001000,14
617,0x05a804,4105,01000000001001,14
618,0x05a80c,4106,01000000001010,14
619,0x05a814,4107,01000000001011,14
620,0x05a81c,4108,01000000001100,14
621,0x05a824,4109,01000000001101,14
622,0x05a82c,4110,01000000001110,14
623,0x05a834,4111,01000000001111,14
624,0x05a83c,4118,01000000010110,14
625,0x05a844,4224,01000010000000,14
626,0x05a84c,4225,01000010000001,14
627,0x05a854,4226,01000010000010,14
628,0x05a85c,4227,01000010000011,14
629,0x05a864,4228,01000010000100,14
630,0x05a86c,4229,01000010000101,14
631,0x05a874,4230,01000010000110,14
632,0x05a87c,4231,01000010000111,14
633,0x05a884,4288,01000011000000,14
634,0x05a88c,4666,01001000111010,14
635,0x05a894,4667,01001000111011,14
636,0x05a89c,4668,01001000111100,14
637,0x05a8a4,4669,01001000111101,14
638,0x05a8ac,4670,01001000111110,14
639,0x05a8b4,4671,01001000111111,14
640,0x05a8bc,4672,01001001000000,14
641,0x05a8c4,4673,01001001000001,14
642,0x05a8cc,4674,01001001000010,14
643,0x05a8d4,4675,01001001000011,14
644,0x05a8dc,4944,01001101010000,14
645,0x05a8e4,4946,01001101010010,14
646,0x05a8ec,4947,01001101010011,14
647,0x05a8f4,4952,01001101011000,14
648,0x05a8fc,4953,01001101011001,14
649,0x05a904,4954,01001101011010,14
650,0x05a90c,4955,01001101011011,14
651,0x05a914,4956,01001101011100,14
652,0x05a91c,4957,01001101011101,14
653,0x05a924,4958,01001101011110,14
654,0x05a92c,4959,01001101011111,14
655,0x05a934,4960,01001101100000,14
656,0x05a93c,4961,01001101100001,14
657,0x05a944,5634,01011000000010,14
658,0x05a94c,5635,01011000000011,14
659,0x05a954,5644,01011000001100,14
660,0x05a95c,5645,01011000001101,14
661,0x05a964,5646,01011000001110,14
662,0x05a96c,5647,01011000001111,14
663,0x05a974,5664,01011000100000,14
664,0x05a97c,5665,01011000100001,14
665,0x05a984,5666,01011000100010,14
666,0x05a98c,5667,01011000100011,14
667,0x05a994,5668,01011000100100,14
668,0x05a99c,5669,01011000100101,14
669,0x05a9a4,5670,01011000100110,14
670,0x05a9ac,5671,01011000100111,14
671,0x05a9b4,5672,01011000101000,14
672,0x05a9bc,5673,01011000101001,14
673,0x05a9c4,5742,01011001101110,14
674,0x05a9cc,5743,01011001101111,14
675,0x05a9d4,5756,01011001111100,14
676,0x05a9dc,5757,01011001111101,14
677,0x05a9e4,5758,01011001111110,14
678,0x05a9ec,5759,01011001111111,14
679,0x05a9f4,6000,01011101110000,14
680,0x05a9fc,6001,01011101110001,14
681,0x05aa04,6226,01100001010010,14
682,0x05aa0c,6227,01100001010011,14
683,0x05aa14,6258,01100001110010,14
684,0x05aa1c,6259,01100001110011,14
685,0x05aa24,6260,01100001110100,14
686,0x05aa2c,6261,01100001110101,14
687,0x05aa34,6262,01100001110110,14
688,0x05aa3c,6263,01100001110111,14
689,0x05aa44,6264,01100001111000,14
690,0x05aa4c,6265,01100001111001,14
691,0x05aa54,6266,01100001111010,14
692,0x05aa5c,6267,01100001111011,14
693,0x05aa64,6268,01100001111100,14
694,0x05aa6c,6269,01100001111101,14
695,0x05aa74,6270,01100001111110,14
696,0x05aa7c,6271,01100001111111,14
697,0x05aa84,6424,01100100011000,14
698,0x05aa8c,6425,01100100011001,14
699,0x05aa94,6438,01100100100110,14
700,0x05aa9c,6439,01100100100111,14
701,0x05aaa4,6512,01100101110000,14
702,0x05aaac,6513,01100101110001,14
703,0x05aab4,6514,01100101110010,14
704,0x05aabc,6515,01100101110011,14
705,0x05aac4,6516,01100101110100,14
706,0x05aacc,6517,01100101110101,14
707,0x05aad4,6518,01100101110110,14
708,0x05aadc,6519,01100101110111,14
709,0x05aae4,6520,01100101111000,14
710,0x05aaec,6521,01100101111001,14
711,0x05aaf4,6522,01100101111010,14
712,0x05aafc,6523,01100101111011,14
713,0x05ab04,6816,01101010100000,14
714,0x05ab0c,6817,01101010100001,14
715,0x05ab14,6818,01101010100010,14
716,0x05ab1c,6819,01101010100011,14
717,0x05ab24,6820,01101010100100,14
718,0x05ab2c,6821,01101010100101,14
719,0x05ab34,6822,01101010100110,14
720,0x05ab3c,6823,01101010100111,14
721,0x05ab44,6824,01101010101000,14
722,0x05ab4c,6825,01101010101001,14
723,0x05ab54,6826,01101010101010,14
724,0x05ab5c,6827,01101010101011,14
725,0x05ab64,6828,01101010101100,14
726,0x05ab6c,6829,01101010101101,14
727,0x05ab74,6972,01101100111100,14
728,0x05ab7c,6973,01101100111101,14
729,0x05ab84,6974,01101100111110,14
730,0x05ab8c,6975,01101100111111,14
731,0x05ab94,6992,01101101010000,14
732,0x05ab9c,6993,01101101010001,14
733,0x05aba4,6994,01101101010010,14
734,0x05abac,6995,01101101010011,14
735,0x05abb4,6996,01101101010100,14
736,0x05abbc,6997,01101101010101,14
737,0x05abc4,6998,01101101010110,14
738,0x05abcc,6999,01101101010111,14
739,0x05abd4,7000,01101101011000,14
740,0x05abdc,7001,01101101011001,14
741,0x05abe4,8242,10000000110010,14
742,0x05abec,8243,10000000110011,14
743,0x05abf4,8244,10000000110100,14
744,0x05abfc,8245,10000000110101,14
745,0x05ac04,8246,10000000110110,14
746,0x05ac0c,8247,10000000110111,14
747,0x05ac14,8248,10000000111000,14
748,0x05ac1c,8249,10000000111001,14
749,0x05ac24,8250,10000000111010,14
750,0x05ac2c,8251,10000000111011,14
751,0x05ac34,8252,10000000111100,14
752,0x05ac3c,8253,10000000111101,14
753,0x05ac44,8254,10000000111110,14
754,0x05ac4c,8255,10000000111111,14
755,0x05ac54,8256,10000001000000,14
756,0x05ac5c,8257,10000001000001,14
757,0x05ac64,8258,10000001000010,14
758,0x05ac6c,8259,10000001000011,14
759,0x05ac74,8378,10000010111010,14
760,0x05ac7c,8379,10000010111011,14
761,0x05ac84,8396,10000011001100,14
762,0x05ac8c,8397,10000011001101,14
763,0x05ac94,8398,10000011001110,14
764,0x05ac9c,8399,10000011001111,14
765,0x05aca4,8416,10000011100000,14
766,0x05acac,8417,10000011100001,14
767,0x05acb4,8418,10000011100010,14
768,0x05acbc,8419,10000011100011,14
769,0x05acc4,8420,10000011100100,14
770,0x05accc,8421,10000011100101,14
771,0x05acd4,8422,10000011100110,14
772,0x05acdc,8423,10000011100111,14
773,0x05ace4,8618,10000110101010,14
774,0x05acec,8619,10000110101011,14
775,0x05acf4,8640,10000111000000,14
776,0x05acfc,8641,10000111000001,14
777,0x05ad04,8642,10000111000010,14
778,0x05ad0c,8643,10000111000011,14
779,0x05ad14,8644,10000111000100,14
780,0x05ad1c,8645,10000111000101,14
781,0x05ad24,8646,10000111000110,14
782,0x05ad2c,8647,10000111000111,14
783,0x05ad34,8648,10000111001000,14
784,0x05ad3c,8649,10000111001001,14
785,0x05ad44,8650,10000111001010,14
786,0x05ad4c,8651,10000111001011,14
787,0x05ad54,8652,10000111001100,14
788,0x05ad5c,8653,10000111001101,14
789,0x05ad64,8654,10000111001110,14
790,0x05ad6c,8655,10000111001111,14
791,0x05ad74,8656,10000111010000,14
792,0x05ad7c,8657,10000111010001,14
793,0x05ad84,8658,10000111010010,14
794,0x05ad8c,8659,10000111010011,14
795,0x05ad94,10388,10100010010100,14
796,0x05ad9c,10389,10100010010101,14
797,0x05ada4,10390,10100010010110,14
798,0x05adac,10391,10100010010111,14
799,0x05adb4,10392,10100010011000,14
800,0x05adbc,10393,10100010011001,14
801,0x05adc4,10394,10100010011010,14
802,0x05adcc,10395,10100010011011,14
803,0x05add4,10396,10100010011100,14
804,0x05addc,10397,10100010011101,14
805,0x05ade4,10398,10100010011110,14
806,0x05adec,10399,10100010011111,14
807,0x05adf4,10432,10100011000000,14
808,0x05adfc,10433,10100011000001,14
809,0x05ae04,10434,10100011000010,14
810,0x05ae0c,10435,10100011000011,14
811,0x05ae14,10436,10100011000100,14
812,0x05ae1c,10437,10100011000101,14
813,0x05ae24,10438,10100011000110,14
814,0x05ae2c,10439,10100011000111,14
815,0x05ae34,10440,10100011001000,14
816,0x05ae3c,10441,10100011001001,14
817,0x05ae44,10442,10100011001010,14
818,0x05ae4c,10443,10100011001011,14
819,0x05ae54,10544,10100100110000,14
820,0x05ae5c,10545,10100100110001,14
821,0x05ae64,10546,10100100110010,14
822,0x05ae6c,10547,10100100110011,14
823,0x05ae74,10548,10100100110100,14
824,0x05ae7c,10549,10100100110101,14
825,0x05ae84,10550,10100100110110,14
826,0x05ae8c,10551,10100100110111,14
827,0x05ae94,10552,10100100111000,14
828,0x05ae9c,10553,10100100111001,14
829,0x05aea4,10554,10100100111010,14
830,0x05aeac,10555,10100100111011,14
831,0x05aeb4,10556,10100100111100,14
832,0x05aebc,10557,10100100111101,14
833,0x05aec4,10558,10100100111110,14
834,0x05aecc,10559,10100100111111,14
835,0x05aed4,10592,10100101100000,14
836,0x05aedc,10593,10100101100001,14
837,0x05aee4,10594,10100101100010,14
838,0x05aeec,10595,10100101100011,14
839,0x05aef4,10596,10100101100100,14
840,0x05aefc,10597,10100101100101,14
841,0x05af04,10598,10100101100110,14
842,0x05af0c,10599,10100101100111,14
843,0x05af14,10600,10100101101000,14
844,0x05af1c,10601,10100101101001,14
845,0x05af24,10602,10100101101010,14
846,0x05af2c,10603,10100101101011,14
847,0x05af34,10816,10101001000000,14
848,0x05af3c,10817,10101001000001,14
849,0x05af44,10818,10101001000010,14
850,0x05af4c,10819,10101001000011,14
851,0x05af54,10820,10101001000100,14
852,0x05af5c,10821,10101001000101,14
853,0x05af64,10822,10101001000110,14
854,0x05af6c,10823,10101001000111,14
855,0x05af74,10824,10101001001000,14
856,0x05af7c,10825,10101001001001,14
857,0x05af84,10826,10101001001010,14
858,0x05af8c,10827,10101001001011,14
859,0x05af94,10828,10101001001100,14
860,0x05af9c,10829,10101001001101,14
861,0x05afa4,10830,10101001001110,14
862,0x05afac,10831,10101001001111,14
863,0x05afb4,10832,10101001010000,14
864,0x05afbc,10833,10101001010001,14
865,0x05afc4,10834,10101001010010,14
866,0x05afcc,10835,10101001010011,14
867,0x05afd4,10982,10101011100110,14
868,0x05afdc,10983,10101011100111,14
869,0x05afe4,11044,10101100100100,14
870,0x05afec,11045,10101100100101,14
871,0x05aff4,11046,10101100100110,14
872,0x05affc,11047,10101100100111,14
873,0x05b004,11048,10101100101000,14
874,0x05b00c,11049,10101100101001,14
875,0x05b014,11050,10101100101010,14
876,0x05b01c,11051,10101100101011,14
877,0x05b024,11052,10101100101100,14
878,0x05b02c,11053,10101100101101,14
879,0x05b034,11054,10101100101110,14
880,0x05b03c,11055,10101100101111,14
881,0x05b044,11056,10101100110000,14
882,0x05b04c,11057,10101100110001,14
883,0x05b054,11058,10101100110010,14
884,0x05b05c,11059,10101100110011,14
885,0x05b064,11098,10101101011010,14
886,0x05b06c,11099,10101101011011,14
887,0x05b074,12308,11000000010100,14
888,0x05b07c,12309,11000000010101,14
889,0x05b084,12310,11000000010110,14
890,0x05b08c,12311,11000000010111,14
891,0x05b094,12320,11000000100000,14
892,0x05b09c,12321,11000000100001,14
893,0x05b0a4,12322,11000000100010,14
894,0x05b0ac,12323,11000000100011,14
895,0x05b0b4,12324,11000000100100,14
896,0x05b0bc,12325,11000000100101,14
897,0x05b0c4,12326,11000000100110,14
898,0x05b0cc,12327,11000000100111,14
899,0x05b0d4,12328,11000000101000,14
900,0x05b0dc,12329,11000000101001,14
901,0x05b0e4,12330,11000000101010,14
902,0x05b0ec,12331,11000000101011,14
903,0x05b0f4,12332,11000000101100,14
904,0x05b0fc,12333,11000000101101,14
905,0x05b104,12334,11000000101110,14
906,0x05b10c,12335,11000000101111,14
907,0x05b114,12336,11000000110000,14
908,0x05b11c,12337,11000000110001,14
909,0x05b124,12338,11000000110010,14
910,0x05b12c,12339,11000000110011,14
911,0x05b134,12340,11000000110100,14
912,0x05b13c,12341,11000000110101,14
913,0x05b144,12342,11000000110110,14
914,0x05b14c,12343,11000000110111,14
915,0x05b154,12344,11000000111000,14
916,0x05b15c,12345,11000000111001,14
917,0x05b164,12480,11000011000000,14
918,0x05b16c,12481,11000011000001,14
919,0x05b174,12510,11000011011110,14
920,0x05b17c,12511,11000011011111,14
921,0x05b184,12824,11001000011000,14
922,0x05b18c,12825,11001000011001,14
923,0x05b194,12826,11001000011010,14
924,0x05b19c,12827,11001000011011,14
925,0x05b1a4,12828,11001000011100,14
926,0x05b1ac,12829,11001000011101,14
927,0x05b1b4,12830,11001000011110,14
928,0x05b1bc,12831,11001000011111,14
929,0x05b1c4,12832,11001000100000,14
930,0x05b1cc,12833,11001000100001,14
931,0x05b1d4,12834,11001000100010,14
932,0x05b1dc,12835,11001000100011,14
933,0x05b1e4,12836,11001000100100,14
934,0x05b1ec,12837,11001000100101,14
935,0x05b1f4,12838,11001000100110,14
936,0x05b1fc,12839,11001000100111,14
937,0x05b204,12840,11001000101000,14
938,0x05b20c,12841,11001000101001,14
939,0x05b214,12842,11001000101010,14
940,0x05b21c,12843,11001000101011,14
941,0x05b224,12844,11001000101100,14
942,0x05b22c,12845,11001000101101,14
943,0x05b234,12846,11001000101110,14
944,0x05b23c,12847,11001000101111,14
945,0x05b244,12848,11001000110000,14
946,0x05b24c,12849,11001000110001,14
947,0x05b254,12850,11001000110010,14
948,0x05b25c,12851,11001000110011,14
949,0x05b264,12852,11001000110100,14
950,0x05b26c,12853,11001000110101,14
951,0x05b274,13176,11001101111000,14
952,0x05b27c,13177,11001101111001,14
953,0x05b284,13178,11001101111010,14
954,0x05b28c,13179,11001101111011,14
955,0x05b294,13180,11001101111100,14
956,0x05b29c,13181,11001101111101,14
957,0x05b2a4,13182,11001101111110,14
958,0x05b2ac,13183,11001101111111,14
959,0x05b2b4,13248,11001111000000,14
960,0x05b2bc,13249,11001111000001,14
961,0x05b2c4,13250,11001111000010,14
962,0x05b2cc,13251,11001111000011,14
963,0x05b2d4,13252,11001111000100,14
964,0x05b2dc,13253,11001111000101,14
965,0x05b2e4,13254,11001111000110,14
966,0x05b2ec,13255,11001111000111,14
967,0x05b2f4,13256,11001111001000,14
968,0x05b2fc,13257,11001111001001,14
969,0x05b304,13258,11001111001010,14
970,0x05b30c,13259,11001111001011,14
971,0x05b314,13260,11001111001100,14
972,0x05b31c,13261,11001111001101,14
973,0x05b324,13262,11001111001110,14
974,0x05b32c,13263,11001111001111,14
975,0x05b334,13264,11001111010000,14
976,0x05b33c,13265,11001111010001,14
977,0x05b344,13266,11001111010010,14
978,0x05b34c,13267,11001111010011,14
979,0x05b354,13268,11001111010100,14
980,0x05b35c,13269,11001111010101,14
981,0x05b364,13270,11001111010110,14
982,0x05b36c,13271,11001111010111,14
983,0x05b374,13272,11001111011000,14
984,0x05b37c,13273,11001111011001,14
985,0x05b384,14086,11011100000110,14
986,0x05b38c,14087,11011100000111,14
987,0x05b394,14128,11011100110000,14
988,0x05b39c,14129,11011100110001,14
989,0x05b3a4,14130,11011100110010,14
990,0x05b3ac,14131,11011100110011,14
991,0x05b3b4,14132,11011100110100,14
992,0x05b3bc,14133,11011100110101,14
993,0x05b3c4,14134,11011100110110,14
994,0x05b3cc,14135,11011100110111,14
995,0x05b3d4,14136,11011100111000,14
996,0x05b3dc,14137,11011100111001,14
997,0x05b3e4,14138,11011100111010,14
998,0x05b3ec,14139,11011100111011,14
999,0x05b3f4,14140,11011100111100,14
1000,0x05b3fc,14141,11011100111101,14
1001,0x05b404,14142,11011100111110,14
1002,0x05b40c,14143,11011100111111,14
1003,0x05b414,14144,11011101000000,14
1004,0x05b41c,14145,11011101000001,14
1005,0x05b424,14146,11011101000010,14
1006,0x05b42c,14147,11011101000011,14
1007,0x05b434,14148,11011101000100,14
1008,0x05b43c,14149,11011101000101,14
1009,0x05b444,14150,11011101000110,14
1010,0x05b44c,14151,11011101000111,14
1011,0x05b454,14152,11011101001000,14
1012,0x05b45c,14153,11011101001001,14
1013,0x05b464,14154,11011101001010,14
1014,0x05b46c,14155,11011101001011,14
1015,0x05b474,14156,11011101001100,14
1016,0x05b47c,14157,11011101001101,14
1017,0x05b484,14158,11011101001110,14
1018,0x05b48c,14159,11011101001111,14
1019,0x05b494,15156,11101100110100,14
1020,0x05b49c,15157,11101100110101,14
1021,0x05b4a4,15158,11101100110110,14
1022,0x05b4ac,15159,11101100110111,14
1023,0x05b4b4,15336,11101111101000,14
1024,0x05b4bc,15337,11101111101001,14
1025,0x05b4c4,15338,11101111101010,14
1026,0x05b4cc,15339,11101111101011,14
1027,0x05b4d4,15340,11101111101100,14
1028,0x05b4dc,15341,11101111101101,14
1029,0x05b4e4,15342,11101111101110,14
1030,0x05b4ec,15343,11101111101111,14
1031,0x05b4f4,15344,11101111110000,14
1032,0x05b4fc,15345,11101111110001,14
1033,0x05b504,15346,11101111110010,14
1034,0x05b50c,15347,11101111110011,14
1035,0x05b514,15348,11101111110100,14
1036,0x05b51c,15349,11101111110101,14
1037,0x05b524,15350,11101111110110,14
1038,0x05b52c,15351,11101111110111,14
1039,0x05b534,15352,11101111111000,14
1040,0x05b53c,15353,11101111111001,14
1041,0x05b544,15354,11101111111010,14
1042,0x05b54c,15355,11101111111011,14
1043,0x05b554,15356,11101111111100,14
1044,0x05b55c,15357,11101111111101,14
1045,0x05b564,15358,11101111111110,14
1046,0x05b56c,15359,11101111111111,14
1047,0x05b574,8192,010000000000000,15
1048,0x05b57c,8193,010000000000001,15
1049,0x05b584,8194,010000000000010,15
1050,0x05b58c,8195,010000000000011,15
1051,0x05b594,8196,010000000000100,15
1052,0x05b59c,8197,010000000000101,15
1053,0x05b5a4,8198,010000000000110,15
1054,0x05b5ac,8199,010000000000111,15
1055,0x05b5b4,8200,010000000001000,15
1056,0x05b5bc,8201,010000000001001,15
1057,0x05b5c4,8202,010000000001010,15
1058,0x05b5cc,8203,010000000001011,15
1059,0x05b5d4,8204,010000000001100,15
1060,0x05b5dc,8205,010000000001101,15
1061,0x05b5e4,8238,010000000101110,15
1062,0x05b5ec,8239,010000000101111,15
1063,0x05b5f4,8578,010000110000010,15
1064,0x05b5fc,8579,010000110000011,15
1065,0x05b604,8628,010000110110100,15
1066,0x05b60c,8629,010000110110101,15
1067,0x05b614,8630,010000110110110,15
1068,0x05b61c,8631,010000110110111,15
1069,0x05b624,8632,010000110111000,15
1070,0x05b62c,8633,010000110111001,15
1071,0x05b634,8634,010000110111010,15
1072,0x05b63c,8635,010000110111011,15
1073,0x05b644,8636,010000110111100,15
1074,0x05b64c,8637,010000110111101,15
1075,0x05b654,8638,010000110111110,15
1076,0x05b65c,8639,010000110111111,15
1077,0x05b664,9312,010010001100000,15
1078,0x05b66c,9313,010010001100001,15
1079,0x05b674,9314,010010001100010,15
1080,0x05b67c,9315,010010001100011,15
1081,0x05b684,9316,010010001100100,15
1082,0x05b68c,9317,010010001100101,15
1083,0x05b694,9318,010010001100110,15
1084,0x05b69c,9319,010010001100111,15
1085,0x05b6a4,9320,010010001101000,15
1086,0x05b6ac,9321,010010001101001,15
1087,0x05b6b4,9322,010010001101010,15
1088,0x05b6bc,9323,010010001101011,15
1089,0x05b6c4,9324,010010001101100,15
1090,0x05b6cc,9325,010010001101101,15
1091,0x05b6d4,9326,010010001101110,15
1092,0x05b6dc,9327,010010001101111,15
1093,0x05b6e4,9328,010010001110000,15
1094,0x05b6ec,9329,010010001110001,15
1095,0x05b6f4,9330,010010001110010,15
1096,0x05b6fc,9331,010010001110011,15
1097,0x05b704,9890,010011010100010,15
1098,0x05b70c,9891,010011010100011,15
1099,0x05b714,11,1011,4
