idx,sub_class,last,run,level,pri_A_byte,pri_B_u32_hex,pri_A_file_offset_hex,pri_B_file_offset_hex
0,A,0,0,1,0x01,0x00000000,0x057300,0x0570b0
1,A,0,0,2,0x02,0x00000000,0x057301,0x0570b4
2,A,0,0,3,0x03,0x00000000,0x057302,0x0570b8
3,A,0,0,4,0x04,0x00000000,0x057303,0x0570bc
4,A,0,0,5,0x05,0x00000000,0x057304,0x0570c0
5,A,0,0,6,0x06,0x00000000,0x057305,0x0570c4
6,A,0,0,7,0x07,0x00000000,0x057306,0x0570c8
7,A,0,0,8,0x08,0x00000000,0x057307,0x0570cc
8,A,0,0,9,0x09,0x00000000,0x057308,0x0570d0
9,A,0,0,10,0x0a,0x00000000,0x057309,0x0570d4
10,A,0,0,11,0x0b,0x00000000,0x05730a,0x0570d8
11,A,0,0,12,0x0c,0x00000000,0x05730b,0x0570dc
12,A,0,0,13,0x0d,0x00000000,0x05730c,0x0570e0
13,A,0,0,14,0x0e,0x00000000,0x05730d,0x0570e4
14,A,0,1,1,0x01,0x00000001,0x05730e,0x0570e8
15,A,0,1,2,0x02,0x00000001,0x05730f,0x0570ec
16,A,0,1,3,0x03,0x00000001,0x057310,0x0570f0
17,A,0,1,4,0x04,0x00000001,0x057311,0x0570f4
18,A,0,1,5,0x05,0x00000001,0x057312,0x0570f8
19,A,0,1,6,0x06,0x00000001,0x057313,0x0570fc
20,A,0,1,7,0x07,0x00000001,0x057314,0x057100
21,A,0,1,8,0x08,0x00000001,0x057315,0x057104
22,A,0,1,9,0x09,0x00000001,0x057316,0x057108
23,A,0,2,1,0x01,0x00000002,0x057317,0x05710c
24,A,0,2,2,0x02,0x00000002,0x057318,0x057110
25,A,0,2,3,0x03,0x00000002,0x057319,0x057114
26,A,0,2,4,0x04,0x00000002,0x05731a,0x057118
27,A,0,2,5,0x05,0x00000002,0x05731b,0x05711c
28,A,0,3,1,0x01,0x00000003,0x05731c,0x057120
29,A,0,3,2,0x02,0x00000003,0x05731d,0x057124
30,A,0,3,3,0x03,0x00000003,0x05731e,0x057128
31,A,0,3,4,0x04,0x00000003,0x05731f,0x05712c
32,A,0,4,1,0x01,0x00000004,0x057320,0x057130
33,A,0,4,2,0x02,0x00000004,0x057321,0x057134
34,A,0,4,3,0x03,0x00000004,0x057322,0x057138
35,A,0,4,4,0x04,0x00000004,0x057323,0x05713c
36,A,0,5,1,0x01,0x00000005,0x057324,0x057140
37,A,0,5,2,0x02,0x00000005,0x057325,0x057144
38,A,0,5,3,0x03,0x00000005,0x057326,0x057148
39,A,0,5,4,0x04,0x00000005,0x057327,0x05714c
40,A,0,6,1,0x01,0x00000006,0x057328,0x057150
41,A,0,6,2,0x02,0x00000006,0x057329,0x057154
42,A,0,6,3,0x03,0x00000006,0x05732a,0x057158
43,A,0,7,1,0x01,0x00000007,0x05732b,0x05715c
44,A,0,7,2,0x02,0x00000007,0x05732c,0x057160
45,A,0,7,3,0x03,0x00000007,0x05732d,0x057164
46,A,0,8,1,0x01,0x00000008,0x05732e,0x057168
47,A,0,8,2,0x02,0x00000008,0x05732f,0x05716c
48,A,0,8,3,0x03,0x00000008,0x057330,0x057170
49,A,0,9,1,0x01,0x00000009,0x057331,0x057174
50,A,0,9,2,0x02,0x00000009,0x057332,0x057178
51,A,0,9,3,0x03,0x00000009,0x057333,0x05717c
52,A,0,10,1,0x01,0x0000000a,0x057334,0x057180
53,A,0,10,2,0x02,0x0000000a,0x057335,0x057184
54,A,0,10,3,0x03,0x0000000a,0x057336,0x057188
55,A,0,11,1,0x01,0x0000000b,0x057337,0x05718c
56,A,0,11,2,0x02,0x0000000b,0x057338,0x057190
57,A,0,11,3,0x03,0x0000000b,0x057339,0x057194
58,A,0,12,1,0x01,0x0000000c,0x05733a,0x057198
59,A,0,12,2,0x02,0x0000000c,0x05733b,0x05719c
60,A,0,12,3,0x03,0x0000000c,0x05733c,0x0571a0
61,A,0,13,1,0x01,0x0000000d,0x05733d,0x0571a4
62,A,0,13,2,0x02,0x0000000d,0x05733e,0x0571a8
63,A,0,14,1,0x01,0x0000000e,0x05733f,0x0571ac
64,A,0,14,2,0x02,0x0000000e,0x057340,0x0571b0
65,A,0,15,1,0x01,0x0000000f,0x057341,0x0571b4
66,A,0,15,2,0x02,0x0000000f,0x057342,0x0571b8
67,A,0,16,1,0x01,0x00000010,0x057343,0x0571bc
68,A,0,17,1,0x01,0x00000011,0x057344,0x0571c0
69,A,0,18,1,0x01,0x00000012,0x057345,0x0571c4
70,A,0,19,1,0x01,0x00000013,0x057346,0x0571c8
71,A,0,20,1,0x01,0x00000014,0x057347,0x0571cc
72,A,0,21,1,0x01,0x00000015,0x057348,0x0571d0
73,A,0,22,1,0x01,0x00000016,0x057349,0x0571d4
74,A,0,23,1,0x01,0x00000017,0x05734a,0x0571d8
75,A,0,24,1,0x01,0x00000018,0x05734b,0x0571dc
76,A,0,25,1,0x01,0x00000019,0x05734c,0x0571e0
77,A,0,26,1,0x01,0x0000001a,0x05734d,0x0571e4
78,A,0,27,1,0x01,0x0000001b,0x05734e,0x0571e8
79,A,0,28,1,0x01,0x0000001c,0x05734f,0x0571ec
80,A,0,29,1,0x01,0x0000001d,0x057350,0x0571f0
81,B,1,0,1,0x01,0x00000000,0x057351,0x0571f4
82,B,1,0,2,0x02,0x00000000,0x057352,0x0571f8
83,B,1,0,3,0x03,0x00000000,0x057353,0x0571fc
84,B,1,0,4,0x04,0x00000000,0x057354,0x057200
85,B,1,0,5,0x05,0x00000000,0x057355,0x057204
86,B,1,1,1,0x01,0x00000001,0x057356,0x057208
87,B,1,1,2,0x02,0x00000001,0x057357,0x05720c
88,B,1,1,3,0x03,0x00000001,0x057358,0x057210
89,B,1,1,4,0x04,0x00000001,0x057359,0x057214
90,B,1,2,1,0x01,0x00000002,0x05735a,0x057218
91,B,1,2,2,0x02,0x00000002,0x05735b,0x05721c
92,B,1,2,3,0x03,0x00000002,0x05735c,0x057220
93,B,1,3,1,0x01,0x00000003,0x05735d,0x057224
94,B,1,3,2,0x02,0x00000003,0x05735e,0x057228
95,B,1,3,3,0x03,0x00000003,0x05735f,0x05722c
96,B,1,4,1,0x01,0x00000004,0x057360,0x057230
97,B,1,4,2,0x02,0x00000004,0x057361,0x057234
98,B,1,5,1,0x01,0x00000005,0x057362,0x057238
99,B,1,5,2,0x02,0x00000005,0x057363,0x05723c
100,B,1,6,1,0x01,0x00000006,0x057364,0x057240
101,B,1,6,2,0x02,0x00000006,0x057365,0x057244
102,B,1,7,1,0x01,0x00000007,0x057366,0x057248
103,B,1,7,2,0x02,0x00000007,0x057367,0x05724c
104,B,1,8,1,0x01,0x00000008,0x057368,0x057250
105,B,1,8,2,0x02,0x00000008,0x057369,0x057254
106,B,1,9,1,0x01,0x00000009,0x05736a,0x057258
107,B,1,9,2,0x02,0x00000009,0x05736b,0x05725c
108,B,1,10,1,0x01,0x0000000a,0x05736c,0x057260
109,B,1,10,2,0x02,0x0000000a,0x05736d,0x057264
110,B,1,11,1,0x01,0x0000000b,0x05736e,0x057268
111,B,1,11,2,0x02,0x0000000b,0x05736f,0x05726c
112,B,1,12,1,0x01,0x0000000c,0x057370,0x057270
113,B,1,12,2,0x02,0x0000000c,0x057371,0x057274
114,B,1,13,1,0x01,0x0000000d,0x057372,0x057278
115,B,1,13,2,0x02,0x0000000d,0x057373,0x05727c
116,B,1,14,1,0x01,0x0000000e,0x057374,0x057280
117,B,1,14,2,0x02,0x0000000e,0x057375,0x057284
118,B,1,15,1,0x01,0x0000000f,0x057376,0x057288
119,B,1,15,2,0x02,0x0000000f,0x057377,0x05728c
120,B,1,16,1,0x01,0x00000010,0x057378,0x057290
121,B,1,17,1,0x01,0x00000011,0x057379,0x057294
122,B,1,18,1,0x01,0x00000012,0x05737a,0x057298
123,B,1,19,1,0x01,0x00000013,0x05737b,0x05729c
124,B,1,20,1,0x01,0x00000014,0x05737c,0x0572a0
125,B,1,21,1,0x01,0x00000015,0x05737d,0x0572a4
126,B,1,22,1,0x01,0x00000016,0x05737e,0x0572a8
127,B,1,23,1,0x01,0x00000017,0x05737f,0x0572ac
128,B,1,24,1,0x01,0x00000018,0x057380,0x0572b0
129,B,1,25,1,0x01,0x00000019,0x057381,0x0572b4
130,B,1,26,1,0x01,0x0000001a,0x057382,0x0572b8
131,B,1,27,1,0x01,0x0000001b,0x057383,0x0572bc
132,B,1,28,1,0x01,0x0000001c,0x057384,0x0572c0
133,B,1,29,1,0x01,0x0000001d,0x057385,0x0572c4
134,B,1,30,1,0x01,0x0000001e,0x057386,0x0572c8
135,B,1,31,1,0x01,0x0000001f,0x057387,0x0572cc
136,B,1,32,1,0x01,0x00000020,0x057388,0x0572d0
137,B,1,33,1,0x01,0x00000021,0x057389,0x0572d4
138,B,1,34,1,0x01,0x00000022,0x05738a,0x0572d8
139,B,1,35,1,0x01,0x00000023,0x05738b,0x0572dc
140,B,1,36,1,0x01,0x00000024,0x05738c,0x0572e0
141,B,1,37,1,0x01,0x00000025,0x05738d,0x0572e4
142,B,1,38,1,0x01,0x00000026,0x05738e,0x0572e8
143,B,1,39,1,0x01,0x00000027,0x05738f,0x0572ec
144,B,1,40,1,0x01,0x00000028,0x057390,0x0572f0
145,B,1,41,1,0x01,0x00000029,0x057391,0x0572f4
146,B,1,42,1,0x01,0x0000002a,0x057392,0x0572f8
147,B,1,43,1,0x01,0x0000002b,0x057393,0x0572fc
148,ESC,-,-,-,-,-,-,-
