entry_index,file_offset_hex,symbol_hex,symbol_dec,bit_length
0,0x0005eac8,0x00000080,128,64
1,0x0005ead0,0x00000007,7,5065
2,0x0005ead8,0x0000000d,13,2557
3,0x0005eae0,0x0000000c,12,508
4,0x0005eae8,0x0000000f,15,2556
5,0x0005eaf0,0x0000000c,12,2691
6,0x0005eaf8,0x00000012,18,77108
7,0x0005eb00,0x00000011,17,33724
8,0x0005eb08,0x00000010,16,2106
9,0x0005eb10,0x0000000c,12,2040
10,0x0005eb18,0x00000011,17,1021
11,0x0005eb20,0x00000010,16,1023
12,0x0005eb28,0x00000010,16,121
13,0x0005eb30,0x0000000d,13,2690
14,0x0005eb38,0x00000012,18,38557
15,0x0005eb40,0x00000010,16,676
16,0x0005eb48,0x00000010,16,2424
17,0x0005eb50,0x0000000c,12,1347
18,0x0005eb58,0x00000011,17,16863
19,0x0005eb60,0x0000000f,15,2041
20,0x0005eb68,0x00000011,17,4851
21,0x0005eb70,0x0000000d,13,154219
22,0x0005eb78,0x00000012,18,155385
23,0x0005eb80,0x00000012,18,1018
24,0x0005eb88,0x00000010,16,8430
25,0x0005eb90,0x0000000e,14,616875
26,0x0005eb98,0x00000014,20,38556
27,0x0005eba0,0x00000010,16,155384
28,0x0005eba8,0x00000012,18,4818
29,0x0005ebb0,0x0000000d,13,2693
30,0x0005ebb8,0x00000012,18,38558
31,0x0005ebc0,0x00000010,16,19400
32,0x0005ebc8,0x0000000f,15,61
33,0x0005ebd0,0x0000000c,12,77695
34,0x0005ebd8,0x00000011,17,674
35,0x0005ebe0,0x00000010,16,38559
36,0x0005ebe8,0x00000010,16,9710
37,0x0005ebf0,0x0000000e,14,1233749
38,0x0005ebf8,0x00000015,21,77693
39,0x0005ec00,0x00000011,17,77694
40,0x0005ec08,0x00000011,17,2533
41,0x0005ec10,0x0000000c,12,2689
42,0x0005ec18,0x00000012,18,308436
43,0x0005ec20,0x00000013,19,33725
44,0x0005ec28,0x00000010,16,120
45,0x0005ec30,0x0000000d,13,38555
46,0x0005ec38,0x00000010,16,1022
47,0x0005ec40,0x00000010,16,677
48,0x0005ec48,0x00000010,16,126
49,0x0005ec50,0x0000000d,13,2688
50,0x0005ec58,0x00000012,18,675
51,0x0005ec60,0x00000010,16,1019
52,0x0005ec68,0x00000010,16,4214
53,0x0005ec70,0x0000000d,13,2692
54,0x0005ec78,0x00000012,18,339
55,0x0005ec80,0x0000000f,15,19401
56,0x0005ec88,0x0000000f,15,85
57,0x0005ec90,0x0000000d,13,1233748
58,0x0005ec98,0x00000015,21,19422
59,0x0005eca0,0x0000000f,15,9701
60,0x0005eca8,0x0000000e,14,603
61,0x0005ecb0,0x0000000a,10,19276
62,0x0005ecb8,0x0000000f,15,2411
63,0x0005ecc0,0x0000000c,12,2410
64,0x0005ecc8,0x0000000c,12,1
65,0x0005ecd0,0x00000002,2,0
66,0x0005ecd8,0x00000007,7,38
67,0x0005ece0,0x00000006,6,299
68,0x0005ece8,0x00000009,9,7
69,0x0005ecf0,0x00000003,3,527
70,0x0005ecf8,0x0000000a,10,4
71,0x0005ed00,0x00000009,9,40
72,0x0005ed08,0x0000000c,12,6
73,0x0005ed10,0x00000003,3,522
74,0x0005ed18,0x0000000a,10,296
75,0x0005ed20,0x00000009,9,43
76,0x0005ed28,0x0000000c,12,17
77,0x0005ed30,0x00000005,5,27
78,0x0005ed38,0x0000000b,11,314
79,0x0005ed40,0x00000009,9,1279
80,0x0005ed48,0x0000000b,11,3
81,0x0005ed50,0x00000004,4,631
82,0x0005ed58,0x0000000a,10,262
83,0x0005ed60,0x00000009,9,2105
84,0x0005ed68,0x0000000c,12,11
85,0x0005ed70,0x00000004,4,635
86,0x0005ed78,0x0000000a,10,300
87,0x0005ed80,0x00000009,9,1215
88,0x0005ed88,0x0000000b,11,9
89,0x0005ed90,0x00000006,6,53
90,0x0005ed98,0x0000000c,12,638
91,0x0005eda0,0x0000000a,10,5064
92,0x0005eda8,0x0000000d,13,1
93,0x0005edb0,0x00000006,6,1194
94,0x0005edb8,0x0000000b,11,520
95,0x0005edc0,0x0000000a,10,41
96,0x0005edc8,0x0000000c,12,1
97,0x0005edd0,0x00000004,4,596
98,0x0005edd8,0x0000000a,10,302
99,0x0005ede0,0x00000009,9,2104
100,0x0005ede8,0x0000000c,12,36
101,0x0005edf0,0x00000006,6,1267
102,0x0005edf8,0x0000000b,11,630
103,0x0005ee00,0x0000000a,10,4854
104,0x0005ee08,0x0000000d,13,1
105,0x0005ee10,0x00000005,5,634
106,0x0005ee18,0x0000000a,10,318
107,0x0005ee20,0x00000009,9,62
108,0x0005ee28,0x0000000c,12,8
109,0x0005ee30,0x00000006,6,1043
110,0x0005ee38,0x0000000b,11,12
111,0x0005ee40,0x0000000a,10,1214
112,0x0005ee48,0x0000000b,11,20
113,0x0005ee50,0x00000005,5,1042
114,0x0005ee58,0x0000000b,11,595
115,0x0005ee60,0x0000000a,10,2426
116,0x0005ee68,0x0000000c,12,33
117,0x0005ee70,0x00000006,6,1195
118,0x0005ee78,0x0000000b,11,523
119,0x0005ee80,0x0000000a,10,52
120,0x0005ee88,0x0000000c,12,21
121,0x0005ee90,0x00000005,5,632
122,0x0005ee98,0x0000000a,10,594
123,0x0005eea0,0x0000000a,10,2408
124,0x0005eea8,0x0000000c,12,5
125,0x0005eeb0,0x00000005,5,11
126,0x0005eeb8,0x0000000a,10,156
127,0x0005eec0,0x00000008,8,14
128,0x0005eec8,0x0000000a,10,0
